ID,Class
5,drilling
7,dog_bark
8,street_music
9,dog_bark
13,street_music
14,drilling
16,air_conditioner
21,children_playing
23,dog_bark
25,siren
28,air_conditioner
29,children_playing
30,dog_bark
31,siren
34,street_music
39,air_conditioner
41,dog_bark
51,drilling
53,drilling
55,jackhammer
58,siren
62,children_playing
64,siren
69,street_music
70,street_music
73,drilling
75,siren
85,engine_idling
86,children_playing
89,street_music
94,air_conditioner
95,dog_bark
96,jackhammer
98,siren
102,jackhammer
106,siren
107,engine_idling
108,car_horn
109,drilling
110,street_music
111,dog_bark
112,street_music
115,street_music
122,air_conditioner
124,drilling
126,street_music
127,street_music
129,dog_bark
133,jackhammer
141,children_playing
143,siren
144,children_playing
145,engine_idling
147,drilling
150,air_conditioner
151,dog_bark
154,street_music
155,drilling
156,jackhammer
157,children_playing
158,street_music
161,gun_shot
166,jackhammer
169,air_conditioner
173,engine_idling
177,drilling
180,engine_idling
181,gun_shot
183,siren
190,drilling
191,dog_bark
194,siren
195,siren
198,drilling
199,drilling
201,children_playing
203,children_playing
204,jackhammer
205,dog_bark
206,siren
207,air_conditioner
209,drilling
210,dog_bark
220,siren
225,jackhammer
231,gun_shot
234,air_conditioner
237,air_conditioner
238,jackhammer
240,dog_bark
241,air_conditioner
243,air_conditioner
244,jackhammer
254,dog_bark
256,children_playing
257,gun_shot
259,children_playing
262,siren
265,air_conditioner
266,street_music
267,drilling
273,gun_shot
274,street_music
279,drilling
281,dog_bark
283,siren
284,street_music
287,drilling
289,jackhammer
290,dog_bark
291,dog_bark
292,drilling
293,children_playing
294,drilling
296,dog_bark
297,siren
298,siren
302,drilling
320,street_music
321,car_horn
325,air_conditioner
340,street_music
341,dog_bark
344,street_music
345,drilling
362,children_playing
373,gun_shot
375,children_playing
379,dog_bark
384,siren
387,car_horn
389,street_music
390,engine_idling
393,siren
398,jackhammer
399,dog_bark
403,air_conditioner
404,street_music
405,street_music
409,dog_bark
415,jackhammer
416,siren
420,siren
421,street_music
422,children_playing
424,dog_bark
431,siren
432,street_music
433,dog_bark
434,air_conditioner
439,street_music
441,drilling
443,street_music
448,jackhammer
451,car_horn
458,drilling
460,drilling
463,dog_bark
465,jackhammer
466,dog_bark
469,street_music
476,dog_bark
478,children_playing
481,drilling
483,street_music
487,siren
490,drilling
492,siren
494,jackhammer
496,air_conditioner
499,children_playing
502,street_music
503,siren
504,street_music
505,children_playing
508,dog_bark
510,jackhammer
514,jackhammer
517,jackhammer
518,street_music
521,gun_shot
526,children_playing
529,jackhammer
530,jackhammer
531,siren
535,car_horn
536,siren
539,drilling
541,drilling
545,jackhammer
546,car_horn
548,drilling
550,children_playing
552,air_conditioner
553,siren
558,dog_bark
563,air_conditioner
574,siren
577,dog_bark
581,dog_bark
582,dog_bark
588,children_playing
591,siren
592,air_conditioner
595,siren
596,gun_shot
601,jackhammer
602,street_music
608,jackhammer
609,street_music
616,siren
617,air_conditioner
618,drilling
625,dog_bark
626,air_conditioner
627,jackhammer
628,air_conditioner
632,children_playing
634,jackhammer
637,siren
638,siren
640,siren
641,dog_bark
644,siren
647,siren
649,car_horn
650,street_music
653,air_conditioner
667,drilling
668,gun_shot
672,engine_idling
674,siren
675,siren
678,air_conditioner
680,jackhammer
681,jackhammer
682,children_playing
696,car_horn
700,drilling
701,drilling
706,dog_bark
707,drilling
708,car_horn
711,dog_bark
715,siren
718,drilling
723,jackhammer
725,dog_bark
731,street_music
736,dog_bark
741,drilling
743,engine_idling
745,children_playing
747,children_playing
756,drilling
759,drilling
762,drilling
763,jackhammer
767,drilling
768,siren
769,drilling
774,street_music
775,siren
777,street_music
779,dog_bark
781,dog_bark
782,drilling
786,dog_bark
788,drilling
789,jackhammer
793,drilling
795,jackhammer
797,dog_bark
800,air_conditioner
805,air_conditioner
806,engine_idling
808,drilling
814,air_conditioner
815,dog_bark
818,jackhammer
822,drilling
823,street_music
827,drilling
828,drilling
831,siren
836,drilling
837,jackhammer
842,children_playing
846,drilling
847,children_playing
852,car_horn
856,drilling
861,children_playing
862,street_music
866,street_music
873,drilling
877,children_playing
879,jackhammer
880,car_horn
888,street_music
890,dog_bark
895,air_conditioner
897,children_playing
902,children_playing
903,engine_idling
908,dog_bark
909,street_music
910,jackhammer
917,street_music
918,siren
920,gun_shot
924,dog_bark
931,street_music
934,street_music
935,drilling
936,street_music
939,air_conditioner
940,children_playing
942,engine_idling
944,children_playing
947,children_playing
949,engine_idling
950,car_horn
958,air_conditioner
960,car_horn
961,air_conditioner
962,drilling
966,siren
967,jackhammer
968,dog_bark
969,air_conditioner
970,street_music
974,air_conditioner
976,air_conditioner
981,jackhammer
982,jackhammer
983,drilling
984,dog_bark
988,jackhammer
989,dog_bark
992,children_playing
993,jackhammer
994,street_music
997,air_conditioner
998,drilling
999,street_music
1002,car_horn
1005,children_playing
1009,drilling
1010,dog_bark
1011,street_music
1012,air_conditioner
1013,drilling
1016,street_music
1019,air_conditioner
1020,siren
1023,street_music
1031,drilling
1033,engine_idling
1035,siren
1037,car_horn
1039,street_music
1041,drilling
1046,engine_idling
1050,dog_bark
1053,air_conditioner
1057,street_music
1060,drilling
1064,dog_bark
1065,dog_bark
1067,drilling
1073,gun_shot
1075,jackhammer
1081,siren
1084,children_playing
1086,children_playing
1093,drilling
1094,children_playing
1095,drilling
1097,air_conditioner
1099,drilling
1101,siren
1102,car_horn
1103,street_music
1104,jackhammer
1107,drilling
1108,air_conditioner
1109,children_playing
1110,drilling
1111,air_conditioner
1114,drilling
1117,street_music
1121,drilling
1122,air_conditioner
1123,drilling
1124,dog_bark
1125,engine_idling
1127,engine_idling
1128,gun_shot
1130,siren
1132,street_music
1135,engine_idling
1136,street_music
1138,jackhammer
1140,children_playing
1141,air_conditioner
1142,siren
1144,jackhammer
1146,street_music
1153,air_conditioner
1154,dog_bark
1155,dog_bark
1159,siren
1161,jackhammer
1163,gun_shot
1164,air_conditioner
1165,jackhammer
1166,dog_bark
1167,drilling
1169,drilling
1170,air_conditioner
1171,jackhammer
1172,drilling
1173,jackhammer
1177,drilling
1178,dog_bark
1179,jackhammer
1184,air_conditioner
1185,children_playing
1190,siren
1192,siren
1193,car_horn
1194,drilling
1196,street_music
1197,siren
1198,dog_bark
1199,siren
1201,siren
1202,drilling
1204,street_music
1207,drilling
1208,drilling
1211,street_music
1212,children_playing
1213,street_music
1215,children_playing
1216,gun_shot
1221,air_conditioner
1222,air_conditioner
1223,dog_bark
1225,children_playing
1227,gun_shot
1229,children_playing
1233,dog_bark
1234,street_music
1238,dog_bark
1239,air_conditioner
1247,siren
1249,street_music
1250,drilling
1253,street_music
1254,car_horn
1258,drilling
1260,jackhammer
1263,siren
1264,jackhammer
1266,car_horn
1268,dog_bark
1274,children_playing
1280,street_music
1281,drilling
1282,jackhammer
1283,street_music
1284,children_playing
1285,jackhammer
1288,street_music
1290,dog_bark
1291,drilling
1293,jackhammer
1299,dog_bark
1304,car_horn
1307,engine_idling
1309,air_conditioner
1313,jackhammer
1315,street_music
1320,dog_bark
1324,siren
1325,children_playing
1331,drilling
1333,jackhammer
1336,car_horn
1340,street_music
1342,siren
1343,drilling
1344,jackhammer
1348,dog_bark
1354,street_music
1359,air_conditioner
1360,engine_idling
1362,children_playing
1364,siren
1369,air_conditioner
1372,jackhammer
1373,siren
1374,children_playing
1375,siren
1376,jackhammer
1379,drilling
1382,drilling
1383,children_playing
1387,drilling
1389,jackhammer
1391,children_playing
1392,drilling
1395,dog_bark
1397,street_music
1401,siren
1402,gun_shot
1403,siren
1406,dog_bark
1407,dog_bark
1408,dog_bark
1410,children_playing
1411,drilling
1413,air_conditioner
1416,siren
1420,siren
1421,drilling
1422,drilling
1424,jackhammer
1426,drilling
1427,engine_idling
1429,car_horn
1430,dog_bark
1433,siren
1434,siren
1438,air_conditioner
1439,children_playing
1440,air_conditioner
1441,drilling
1442,air_conditioner
1443,street_music
1445,siren
1451,air_conditioner
1453,jackhammer
1455,dog_bark
1456,gun_shot
1457,jackhammer
1463,car_horn
1464,dog_bark
1465,children_playing
1466,children_playing
1474,drilling
1476,siren
1482,car_horn
1484,jackhammer
1486,drilling
1487,street_music
1490,siren
1494,air_conditioner
1495,drilling
1499,siren
1504,dog_bark
1505,car_horn
1507,dog_bark
1509,dog_bark
1513,drilling
1514,dog_bark
1519,children_playing
1522,jackhammer
1524,air_conditioner
1526,air_conditioner
1533,siren
1535,street_music
1538,street_music
1539,car_horn
1541,drilling
1543,drilling
1544,drilling
1545,drilling
1553,street_music
1557,siren
1559,dog_bark
1566,street_music
1568,jackhammer
1572,siren
1575,siren
1576,drilling
1577,siren
1580,siren
1582,engine_idling
1583,street_music
1585,jackhammer
1587,street_music
1590,children_playing
1592,drilling
1594,car_horn
1595,children_playing
1596,dog_bark
1600,siren
1609,children_playing
1610,children_playing
1611,dog_bark
1617,dog_bark
1619,street_music
1620,dog_bark
1622,street_music
1624,street_music
1625,siren
1627,drilling
1631,street_music
1637,street_music
1638,air_conditioner
1641,dog_bark
1642,jackhammer
1643,engine_idling
1644,dog_bark
1645,children_playing
1646,siren
1650,children_playing
1654,siren
1655,dog_bark
1657,jackhammer
1658,dog_bark
1659,air_conditioner
1662,dog_bark
1665,street_music
1668,car_horn
1670,car_horn
1671,dog_bark
1676,air_conditioner
1682,drilling
1683,siren
1684,siren
1685,dog_bark
1691,street_music
1692,siren
1693,siren
1694,street_music
1696,dog_bark
1698,dog_bark
1700,drilling
1707,street_music
1710,car_horn
1712,drilling
1717,siren
1721,drilling
1723,engine_idling
1726,engine_idling
1732,dog_bark
1733,air_conditioner
1735,drilling
1740,siren
1742,air_conditioner
1743,children_playing
1747,siren
1752,children_playing
1753,drilling
1756,air_conditioner
1757,engine_idling
1758,air_conditioner
1759,car_horn
1762,drilling
1764,drilling
1770,gun_shot
1772,drilling
1775,street_music
1778,street_music
1781,street_music
1784,gun_shot
1785,engine_idling
1788,dog_bark
1790,drilling
1793,car_horn
1797,street_music
1798,car_horn
1799,car_horn
1804,dog_bark
1810,car_horn
1811,street_music
1814,street_music
1815,air_conditioner
1821,jackhammer
1823,drilling
1824,air_conditioner
1833,drilling
1835,dog_bark
1838,car_horn
1844,children_playing
1845,drilling
1846,air_conditioner
1851,drilling
1852,children_playing
1855,engine_idling
1857,children_playing
1859,engine_idling
1860,siren
1861,drilling
1862,street_music
1865,jackhammer
1875,jackhammer
1878,siren
1880,jackhammer
1882,street_music
1884,siren
1885,street_music
1887,dog_bark
1888,siren
1900,children_playing
1902,siren
1903,children_playing
1905,siren
1906,engine_idling
1907,jackhammer
1909,dog_bark
1911,gun_shot
1912,jackhammer
1915,jackhammer
1920,gun_shot
1926,gun_shot
1928,siren
1930,dog_bark
1931,drilling
1934,children_playing
1939,siren
1942,drilling
1951,jackhammer
1953,air_conditioner
1954,children_playing
1955,siren
1959,engine_idling
1961,street_music
1962,air_conditioner
1964,dog_bark
1965,engine_idling
1969,drilling
1972,drilling
1975,street_music
1979,jackhammer
1981,street_music
1983,jackhammer
1984,children_playing
1985,drilling
1989,dog_bark
1990,siren
1993,street_music
1995,siren
1998,siren
2003,drilling
2005,siren
2006,street_music
2007,dog_bark
2011,dog_bark
2012,drilling
2014,siren
2015,engine_idling
2021,jackhammer
2024,jackhammer
2027,street_music
2030,street_music
2032,street_music
2034,drilling
2035,children_playing
2039,children_playing
2041,dog_bark
2044,children_playing
2046,drilling
2052,gun_shot
2053,siren
2058,gun_shot
2059,drilling
2060,drilling
2061,jackhammer
2062,gun_shot
2065,air_conditioner
2068,jackhammer
2069,drilling
2071,children_playing
2074,jackhammer
2075,air_conditioner
2076,siren
2079,drilling
2085,jackhammer
2086,air_conditioner
2088,gun_shot
2092,drilling
2093,siren
2097,siren
2100,children_playing
2109,air_conditioner
2110,drilling
2111,air_conditioner
2112,siren
2114,jackhammer
2115,air_conditioner
2118,jackhammer
2119,siren
2120,drilling
2128,drilling
2131,dog_bark
2136,jackhammer
2137,air_conditioner
2143,jackhammer
2146,children_playing
2147,engine_idling
2151,drilling
2153,dog_bark
2155,drilling
2158,siren
2159,street_music
2161,air_conditioner
2164,dog_bark
2165,gun_shot
2166,jackhammer
2167,drilling
2172,street_music
2175,siren
2176,dog_bark
2177,street_music
2178,air_conditioner
2181,dog_bark
2183,dog_bark
2187,drilling
2189,air_conditioner
2202,dog_bark
2203,drilling
2207,children_playing
2208,drilling
2211,jackhammer
2213,street_music
2214,siren
2215,children_playing
2221,drilling
2222,siren
2223,car_horn
2231,drilling
2232,jackhammer
2234,street_music
2239,drilling
2242,dog_bark
2243,engine_idling
2245,dog_bark
2248,siren
2255,street_music
2257,jackhammer
2261,dog_bark
2263,siren
2266,drilling
2267,dog_bark
2268,dog_bark
2270,street_music
2271,children_playing
2272,children_playing
2274,children_playing
2276,jackhammer
2280,dog_bark
2281,drilling
2283,siren
2284,air_conditioner
2285,street_music
2286,siren
2288,siren
2289,dog_bark
2292,street_music
2294,siren
2296,siren
2298,drilling
2305,drilling
2311,air_conditioner
2315,dog_bark
2316,gun_shot
2317,dog_bark
2320,drilling
2321,air_conditioner
2322,children_playing
2325,children_playing
2326,street_music
2328,dog_bark
2331,street_music
2334,street_music
2336,dog_bark
2337,street_music
2341,children_playing
2342,drilling
2346,siren
2348,gun_shot
2350,children_playing
2352,street_music
2355,children_playing
2356,street_music
2357,street_music
2359,air_conditioner
2361,dog_bark
2362,drilling
2365,siren
2367,drilling
2370,street_music
2374,engine_idling
2375,car_horn
2376,street_music
2377,air_conditioner
2381,engine_idling
2383,gun_shot
2385,drilling
2387,dog_bark
2391,engine_idling
2392,dog_bark
2393,air_conditioner
2396,gun_shot
2397,dog_bark
2399,children_playing
2400,gun_shot
2406,dog_bark
2407,drilling
2409,jackhammer
2417,dog_bark
2422,children_playing
2423,dog_bark
2426,dog_bark
2429,drilling
2431,drilling
2434,siren
2435,dog_bark
2436,siren
2437,siren
2440,street_music
2442,siren
2451,gun_shot
2457,air_conditioner
2459,jackhammer
2467,gun_shot
2469,street_music
2471,siren
2472,dog_bark
2475,jackhammer
2476,street_music
2481,drilling
2482,engine_idling
2483,gun_shot
2486,drilling
2490,street_music
2491,dog_bark
2492,street_music
2495,dog_bark
2496,dog_bark
2500,jackhammer
2502,children_playing
2504,engine_idling
2508,engine_idling
2514,drilling
2518,dog_bark
2519,car_horn
2520,children_playing
2521,air_conditioner
2522,gun_shot
2525,jackhammer
2527,children_playing
2528,jackhammer
2530,street_music
2533,dog_bark
2535,drilling
2537,children_playing
2540,jackhammer
2546,drilling
2551,siren
2554,drilling
2556,drilling
2559,dog_bark
2561,engine_idling
2562,street_music
2563,siren
2565,car_horn
2566,car_horn
2579,drilling
2583,dog_bark
2589,siren
2590,siren
2591,engine_idling
2599,jackhammer
2602,jackhammer
2606,children_playing
2609,gun_shot
2611,siren
2615,car_horn
2617,jackhammer
2618,drilling
2621,drilling
2622,children_playing
2626,drilling
2627,engine_idling
2628,drilling
2629,dog_bark
2630,siren
2631,jackhammer
2633,air_conditioner
2635,street_music
2638,children_playing
2642,car_horn
2643,children_playing
2649,jackhammer
2654,jackhammer
2655,street_music
2656,gun_shot
2660,street_music
2663,siren
2667,dog_bark
2670,drilling
2672,drilling
2673,air_conditioner
2675,drilling
2681,air_conditioner
2683,drilling
2688,drilling
2692,jackhammer
2693,dog_bark
2694,jackhammer
2696,gun_shot
2698,car_horn
2701,street_music
2704,drilling
2708,children_playing
2712,children_playing
2715,air_conditioner
2716,drilling
2719,drilling
2720,dog_bark
2724,siren
2727,children_playing
2729,jackhammer
2731,air_conditioner
2734,car_horn
2735,siren
2737,air_conditioner
2742,drilling
2743,drilling
2745,siren
2748,dog_bark
2749,gun_shot
2753,dog_bark
2755,air_conditioner
2758,drilling
2759,drilling
2761,siren
2762,drilling
2767,gun_shot
2768,jackhammer
2772,engine_idling
2777,children_playing
2778,street_music
2782,drilling
2786,siren
2793,air_conditioner
2796,drilling
2798,dog_bark
2799,air_conditioner
2803,street_music
2804,gun_shot
2806,engine_idling
2809,engine_idling
2810,jackhammer
2812,air_conditioner
2814,siren
2816,street_music
2817,street_music
2818,gun_shot
2820,street_music
2822,air_conditioner
2823,siren
2826,street_music
2827,gun_shot
2833,siren
2834,jackhammer
2838,car_horn
2839,siren
2841,street_music
2843,air_conditioner
2844,drilling
2845,siren
2847,air_conditioner
2848,jackhammer
2852,siren
2853,dog_bark
2856,gun_shot
2859,children_playing
2860,children_playing
2861,dog_bark
2866,siren
2867,drilling
2868,dog_bark
2874,street_music
2876,drilling
2877,street_music
2879,car_horn
2880,jackhammer
2882,dog_bark
2883,air_conditioner
2885,jackhammer
2886,jackhammer
2888,car_horn
2893,siren
2894,children_playing
2895,dog_bark
2897,air_conditioner
2904,children_playing
2905,children_playing
2906,drilling
2908,drilling
2916,siren
2919,children_playing
2923,engine_idling
2937,drilling
2938,children_playing
2941,jackhammer
2947,children_playing
2948,drilling
2949,street_music
2952,dog_bark
2953,children_playing
2958,drilling
2964,air_conditioner
2965,air_conditioner
2967,drilling
2968,street_music
2970,drilling
2973,dog_bark
2975,siren
2977,children_playing
2978,air_conditioner
2979,children_playing
2981,street_music
2985,street_music
2990,jackhammer
2999,dog_bark
3000,siren
3002,dog_bark
3005,street_music
3007,air_conditioner
3009,jackhammer
3010,dog_bark
3015,street_music
3017,siren
3019,dog_bark
3022,jackhammer
3023,air_conditioner
3025,drilling
3028,dog_bark
3029,dog_bark
3031,children_playing
3035,children_playing
3039,car_horn
3040,dog_bark
3041,street_music
3043,street_music
3044,air_conditioner
3045,jackhammer
3047,street_music
3048,drilling
3049,jackhammer
3053,street_music
3057,dog_bark
3058,jackhammer
3059,dog_bark
3064,air_conditioner
3065,children_playing
3067,dog_bark
3072,street_music
3073,drilling
3076,jackhammer
3079,dog_bark
3080,street_music
3083,street_music
3084,jackhammer
3086,siren
3088,air_conditioner
3090,drilling
3093,car_horn
3100,siren
3106,dog_bark
3107,drilling
3109,drilling
3111,drilling
3113,jackhammer
3114,siren
3116,gun_shot
3119,drilling
3122,dog_bark
3124,jackhammer
3129,siren
3132,children_playing
3134,street_music
3137,drilling
3139,children_playing
3141,siren
3142,street_music
3145,siren
3149,street_music
3158,air_conditioner
3166,dog_bark
3173,drilling
3174,gun_shot
3175,siren
3181,dog_bark
3183,siren
3184,siren
3193,dog_bark
3198,siren
3201,street_music
3203,drilling
3204,dog_bark
3208,gun_shot
3210,children_playing
3212,dog_bark
3217,siren
3219,drilling
3222,jackhammer
3224,air_conditioner
3228,jackhammer
3234,siren
3241,street_music
3242,street_music
3243,street_music
3245,children_playing
3247,children_playing
3249,gun_shot
3251,children_playing
3252,children_playing
3253,drilling
3255,dog_bark
3256,drilling
3260,gun_shot
3263,street_music
3265,drilling
3269,street_music
3274,drilling
3280,children_playing
3282,drilling
3284,children_playing
3287,children_playing
3289,engine_idling
3290,drilling
3295,siren
3300,gun_shot
3303,jackhammer
3304,children_playing
3309,children_playing
3311,children_playing
3312,drilling
3313,jackhammer
3314,gun_shot
3315,dog_bark
3326,jackhammer
3327,air_conditioner
3329,air_conditioner
3335,street_music
3339,jackhammer
3340,car_horn
3341,children_playing
3342,dog_bark
3346,siren
3348,gun_shot
3356,drilling
3359,street_music
3361,jackhammer
3366,street_music
3368,siren
3372,drilling
3374,drilling
3377,gun_shot
3378,children_playing
3380,car_horn
3382,street_music
3384,gun_shot
3385,children_playing
3386,street_music
3391,drilling
3393,gun_shot
3396,jackhammer
3402,air_conditioner
3403,drilling
3405,drilling
3408,jackhammer
3410,drilling
3411,jackhammer
3412,children_playing
3414,dog_bark
3421,air_conditioner
3424,street_music
3426,drilling
3427,siren
3428,gun_shot
3430,siren
3431,drilling
3438,children_playing
3440,siren
3447,jackhammer
3448,drilling
3450,siren
3456,drilling
3457,street_music
3460,gun_shot
3463,siren
3466,siren
3468,air_conditioner
3472,siren
3476,siren
3479,street_music
3484,car_horn
3485,street_music
3487,street_music
3488,children_playing
3490,air_conditioner
3494,car_horn
3497,street_music
3498,gun_shot
3500,dog_bark
3502,jackhammer
3505,siren
3506,street_music
3511,air_conditioner
3512,drilling
3513,drilling
3521,jackhammer
3524,siren
3527,engine_idling
3530,air_conditioner
3532,drilling
3535,siren
3541,children_playing
3544,street_music
3552,gun_shot
3553,engine_idling
3557,children_playing
3558,jackhammer
3559,air_conditioner
3562,drilling
3563,drilling
3564,children_playing
3565,jackhammer
3570,gun_shot
3571,street_music
3572,siren
3573,drilling
3575,dog_bark
3576,drilling
3578,dog_bark
3581,dog_bark
3586,drilling
3589,drilling
3592,air_conditioner
3593,drilling
3594,siren
3600,dog_bark
3601,dog_bark
3602,dog_bark
3605,drilling
3612,children_playing
3615,air_conditioner
3616,drilling
3617,children_playing
3618,air_conditioner
3620,dog_bark
3623,drilling
3625,dog_bark
3631,air_conditioner
3633,street_music
3635,street_music
3636,jackhammer
3638,street_music
3641,street_music
3643,jackhammer
3650,drilling
3651,siren
3655,drilling
3665,siren
3667,air_conditioner
3673,street_music
3677,engine_idling
3684,jackhammer
3690,dog_bark
3692,car_horn
3693,dog_bark
3694,drilling
3699,dog_bark
3701,siren
3704,drilling
3705,children_playing
3707,children_playing
3710,car_horn
3712,siren
3713,street_music
3715,dog_bark
3716,street_music
3720,children_playing
3722,jackhammer
3723,street_music
3727,drilling
3730,dog_bark
3733,air_conditioner
3736,siren
3737,engine_idling
3740,siren
3743,children_playing
3744,siren
3746,air_conditioner
3748,street_music
3755,siren
3757,drilling
3761,dog_bark
3767,dog_bark
3768,dog_bark
3769,jackhammer
3773,car_horn
3774,dog_bark
3775,air_conditioner
3777,drilling
3779,car_horn
3780,siren
3786,dog_bark
3789,engine_idling
3793,car_horn
3794,drilling
3795,car_horn
3796,siren
3797,air_conditioner
3801,children_playing
3802,gun_shot
3804,engine_idling
3807,air_conditioner
3809,street_music
3810,siren
3812,street_music
3814,siren
3815,drilling
3817,dog_bark
3818,street_music
3824,dog_bark
3825,air_conditioner
3826,car_horn
3829,jackhammer
3831,drilling
3832,drilling
3835,gun_shot
3837,air_conditioner
3841,siren
3845,drilling
3849,jackhammer
3852,children_playing
3856,drilling
3857,dog_bark
3858,siren
3862,dog_bark
3865,siren
3867,dog_bark
3872,dog_bark
3873,drilling
3874,street_music
3875,dog_bark
3876,drilling
3892,air_conditioner
3897,drilling
3899,street_music
3901,street_music
3904,street_music
3907,siren
3908,street_music
3912,children_playing
3913,street_music
3917,engine_idling
3922,air_conditioner
3923,drilling
3926,siren
3928,drilling
3931,jackhammer
3935,children_playing
3937,jackhammer
3942,car_horn
3946,dog_bark
3949,drilling
3950,drilling
3952,engine_idling
3953,engine_idling
3954,air_conditioner
3957,jackhammer
3958,jackhammer
3961,air_conditioner
3963,street_music
3964,drilling
3971,jackhammer
3974,street_music
3976,drilling
3977,street_music
3979,children_playing
3980,street_music
3989,dog_bark
3990,drilling
3991,drilling
3995,drilling
3996,street_music
4005,dog_bark
4007,drilling
4008,dog_bark
4013,drilling
4016,jackhammer
4019,street_music
4020,siren
4023,dog_bark
4025,street_music
4026,air_conditioner
4031,air_conditioner
4033,children_playing
4034,drilling
4035,siren
4036,air_conditioner
4037,dog_bark
4040,dog_bark
4042,street_music
4043,drilling
4047,dog_bark
4048,jackhammer
4051,siren
4052,air_conditioner
4053,siren
4059,dog_bark
4060,drilling
4061,car_horn
4063,street_music
4065,street_music
4071,children_playing
4072,drilling
4074,engine_idling
4079,children_playing
4082,drilling
4088,street_music
4090,drilling
4092,siren
4098,air_conditioner
4099,dog_bark
4105,siren
4107,dog_bark
4108,dog_bark
4109,jackhammer
4112,siren
4113,street_music
4114,dog_bark
4115,dog_bark
4116,dog_bark
4120,air_conditioner
4124,drilling
4127,dog_bark
4132,dog_bark
4133,jackhammer
4136,siren
4141,air_conditioner
4144,street_music
4145,drilling
4147,siren
4148,drilling
4149,air_conditioner
4150,dog_bark
4151,jackhammer
4152,children_playing
4153,drilling
4154,siren
4156,car_horn
4157,dog_bark
4165,car_horn
4167,drilling
4173,engine_idling
4176,car_horn
4177,street_music
4185,air_conditioner
4186,street_music
4187,children_playing
4188,drilling
4192,siren
4194,dog_bark
4195,car_horn
4196,air_conditioner
4202,dog_bark
4208,siren
4209,jackhammer
4211,engine_idling
4212,air_conditioner
4213,air_conditioner
4214,dog_bark
4215,siren
4219,children_playing
4221,air_conditioner
4223,street_music
4225,dog_bark
4229,children_playing
4230,jackhammer
4233,jackhammer
4237,drilling
4238,street_music
4240,dog_bark
4243,drilling
4245,air_conditioner
4250,jackhammer
4251,siren
4258,air_conditioner
4259,air_conditioner
4261,children_playing
4264,siren
4266,gun_shot
4268,dog_bark
4269,jackhammer
4270,air_conditioner
4271,siren
4275,engine_idling
4276,children_playing
4280,street_music
4282,air_conditioner
4283,air_conditioner
4284,dog_bark
4292,dog_bark
4294,children_playing
4295,siren
4296,street_music
4298,children_playing
4300,siren
4302,engine_idling
4304,street_music
4305,children_playing
4306,air_conditioner
4308,siren
4309,siren
4310,air_conditioner
4312,dog_bark
4315,street_music
4318,siren
4321,air_conditioner
4322,drilling
4325,siren
4329,street_music
4330,children_playing
4332,gun_shot
4334,siren
4336,street_music
4339,drilling
4340,drilling
4342,children_playing
4343,street_music
4344,jackhammer
4345,street_music
4347,street_music
4348,jackhammer
4354,street_music
4355,siren
4357,dog_bark
4360,drilling
4368,gun_shot
4370,jackhammer
4373,drilling
4376,gun_shot
4377,jackhammer
4380,street_music
4383,dog_bark
4385,drilling
4387,dog_bark
4388,air_conditioner
4391,engine_idling
4395,jackhammer
4398,dog_bark
4399,siren
4402,siren
4403,siren
4404,children_playing
4405,siren
4407,jackhammer
4409,air_conditioner
4410,siren
4414,air_conditioner
4419,air_conditioner
4421,car_horn
4423,air_conditioner
4434,siren
4435,jackhammer
4441,air_conditioner
4445,drilling
4447,drilling
4448,siren
4452,jackhammer
4455,dog_bark
4457,siren
4460,car_horn
4465,drilling
4466,car_horn
4468,dog_bark
4469,children_playing
4470,children_playing
4471,children_playing
4477,children_playing
4478,children_playing
4479,children_playing
4484,siren
4488,drilling
4489,jackhammer
4494,jackhammer
4495,drilling
4496,air_conditioner
4497,engine_idling
4501,drilling
4505,drilling
4507,drilling
4508,gun_shot
4512,siren
4516,siren
4517,gun_shot
4518,dog_bark
4519,drilling
4520,drilling
4524,gun_shot
4533,siren
4537,jackhammer
4538,jackhammer
4543,gun_shot
4544,siren
4546,jackhammer
4548,drilling
4550,dog_bark
4551,drilling
4552,drilling
4553,siren
4555,drilling
4558,drilling
4560,children_playing
4564,children_playing
4565,dog_bark
4567,car_horn
4576,dog_bark
4577,street_music
4579,drilling
4580,street_music
4582,air_conditioner
4586,siren
4587,drilling
4588,gun_shot
4590,drilling
4591,dog_bark
4593,street_music
4594,drilling
4596,dog_bark
4597,air_conditioner
4600,engine_idling
4603,children_playing
4605,street_music
4606,children_playing
4608,jackhammer
4615,jackhammer
4620,drilling
4621,siren
4624,air_conditioner
4626,siren
4627,street_music
4631,street_music
4638,dog_bark
4639,dog_bark
4642,siren
4644,engine_idling
4649,jackhammer
4654,jackhammer
4656,air_conditioner
4660,dog_bark
4664,siren
4670,dog_bark
4671,dog_bark
4673,children_playing
4675,drilling
4678,siren
4681,street_music
4687,siren
4689,dog_bark
4691,dog_bark
4694,street_music
4696,air_conditioner
4699,dog_bark
4700,drilling
4701,drilling
4706,gun_shot
4709,siren
4710,air_conditioner
4711,children_playing
4712,children_playing
4713,drilling
4717,siren
4719,jackhammer
4720,jackhammer
4727,children_playing
4731,air_conditioner
4734,street_music
4738,drilling
4744,siren
4751,jackhammer
4757,dog_bark
4760,dog_bark
4761,drilling
4765,car_horn
4768,siren
4771,jackhammer
4772,air_conditioner
4773,street_music
4774,engine_idling
4777,jackhammer
4779,drilling
4780,street_music
4782,siren
4797,engine_idling
4798,children_playing
4802,drilling
4808,siren
4809,air_conditioner
4811,dog_bark
4812,children_playing
4813,air_conditioner
4814,gun_shot
4815,dog_bark
4816,street_music
4817,jackhammer
4818,children_playing
4819,siren
4825,drilling
4831,drilling
4838,air_conditioner
4841,siren
4845,engine_idling
4848,air_conditioner
4849,street_music
4850,drilling
4855,children_playing
4856,dog_bark
4859,drilling
4862,drilling
4865,dog_bark
4868,car_horn
4869,gun_shot
4871,engine_idling
4872,dog_bark
4874,children_playing
4875,air_conditioner
4876,street_music
4878,gun_shot
4882,siren
4885,drilling
4891,children_playing
4892,children_playing
4893,siren
4897,car_horn
4898,gun_shot
4901,siren
4908,children_playing
4910,drilling
4915,drilling
4922,siren
4929,drilling
4930,siren
4932,dog_bark
4933,street_music
4935,siren
4936,jackhammer
4939,drilling
4941,drilling
4944,street_music
4946,engine_idling
4949,dog_bark
4951,children_playing
4954,dog_bark
4955,jackhammer
4957,air_conditioner
4958,gun_shot
4967,air_conditioner
4969,drilling
4971,street_music
4975,jackhammer
4977,drilling
4978,gun_shot
4979,children_playing
4980,children_playing
4981,children_playing
4982,dog_bark
4983,jackhammer
4987,air_conditioner
4995,drilling
4998,air_conditioner
4999,street_music
5000,siren
5006,dog_bark
5007,siren
5008,siren
5009,drilling
5012,siren
5014,engine_idling
5015,street_music
5016,drilling
5018,jackhammer
5020,air_conditioner
5024,air_conditioner
5026,jackhammer
5027,jackhammer
5030,siren
5036,jackhammer
5039,air_conditioner
5041,dog_bark
5047,children_playing
5048,air_conditioner
5050,engine_idling
5053,jackhammer
5054,jackhammer
5056,street_music
5061,jackhammer
5062,drilling
5066,siren
5070,dog_bark
5078,drilling
5079,car_horn
5080,gun_shot
5083,air_conditioner
5086,jackhammer
5087,engine_idling
5090,drilling
5091,siren
5093,siren
5097,siren
5098,siren
5101,dog_bark
5102,drilling
5104,jackhammer
5105,drilling
5108,drilling
5111,street_music
5113,air_conditioner
5115,engine_idling
5116,drilling
5120,dog_bark
5123,street_music
5124,children_playing
5126,children_playing
5131,gun_shot
5136,gun_shot
5137,street_music
5139,air_conditioner
5143,street_music
5144,drilling
5145,street_music
5150,jackhammer
5152,dog_bark
5153,children_playing
5155,dog_bark
5156,engine_idling
5160,air_conditioner
5161,siren
5162,engine_idling
5163,dog_bark
5164,drilling
5166,dog_bark
5167,air_conditioner
5168,air_conditioner
5170,gun_shot
5179,siren
5182,dog_bark
5184,siren
5185,jackhammer
5187,gun_shot
5192,jackhammer
5193,dog_bark
5194,siren
5197,drilling
5203,jackhammer
5204,engine_idling
5207,siren
5208,jackhammer
5212,drilling
5213,jackhammer
5215,street_music
5220,street_music
5222,children_playing
5224,siren
5229,gun_shot
5230,siren
5231,drilling
5232,street_music
5235,dog_bark
5238,drilling
5240,air_conditioner
5242,drilling
5245,children_playing
5249,drilling
5250,siren
5252,dog_bark
5254,jackhammer
5256,dog_bark
5258,dog_bark
5260,children_playing
5261,drilling
5267,siren
5269,drilling
5273,children_playing
5274,street_music
5275,street_music
5276,gun_shot
5280,street_music
5282,children_playing
5285,children_playing
5286,drilling
5287,dog_bark
5288,children_playing
5293,gun_shot
5295,drilling
5296,dog_bark
5298,street_music
5300,children_playing
5301,dog_bark
5303,air_conditioner
5305,gun_shot
5306,siren
5311,jackhammer
5317,dog_bark
5318,dog_bark
5325,drilling
5327,siren
5330,jackhammer
5332,air_conditioner
5334,gun_shot
5335,children_playing
5337,gun_shot
5339,children_playing
5341,siren
5342,air_conditioner
5346,children_playing
5349,jackhammer
5354,dog_bark
5355,jackhammer
5358,siren
5362,siren
5363,drilling
5365,drilling
5366,dog_bark
5367,drilling
5368,drilling
5372,siren
5375,jackhammer
5377,street_music
5379,siren
5381,jackhammer
5383,street_music
5386,air_conditioner
5387,drilling
5388,dog_bark
5392,dog_bark
5393,drilling
5396,gun_shot
5399,drilling
5401,siren
5402,street_music
5404,siren
5408,air_conditioner
5410,dog_bark
5413,siren
5419,air_conditioner
5420,air_conditioner
5421,street_music
5422,street_music
5424,gun_shot
5425,jackhammer
5428,siren
5430,engine_idling
5431,car_horn
5434,air_conditioner
5439,jackhammer
5440,drilling
5442,street_music
5443,jackhammer
5446,children_playing
5449,jackhammer
5450,jackhammer
5451,children_playing
5453,street_music
5454,drilling
5455,car_horn
5457,siren
5458,drilling
5462,children_playing
5463,drilling
5464,street_music
5467,siren
5468,drilling
5469,siren
5470,air_conditioner
5471,children_playing
5474,gun_shot
5475,jackhammer
5478,dog_bark
5479,car_horn
5482,drilling
5484,children_playing
5485,street_music
5490,street_music
5491,dog_bark
5496,drilling
5500,street_music
5501,siren
5502,street_music
5506,gun_shot
5510,air_conditioner
5516,dog_bark
5517,dog_bark
5520,gun_shot
5525,dog_bark
5527,gun_shot
5529,jackhammer
5531,dog_bark
5532,air_conditioner
5536,air_conditioner
5538,children_playing
5539,gun_shot
5541,drilling
5549,street_music
5550,siren
5551,car_horn
5552,gun_shot
5555,children_playing
5563,children_playing
5567,street_music
5568,street_music
5569,siren
5573,jackhammer
5575,children_playing
5576,drilling
5578,gun_shot
5579,gun_shot
5580,jackhammer
5581,children_playing
5584,drilling
5590,dog_bark
5591,jackhammer
5593,street_music
5595,engine_idling
5596,dog_bark
5602,gun_shot
5603,drilling
5604,dog_bark
5606,drilling
5608,drilling
5617,gun_shot
5618,car_horn
5620,children_playing
5621,jackhammer
5622,engine_idling
5629,drilling
5630,dog_bark
5632,children_playing
5633,children_playing
5636,children_playing
5643,children_playing
5646,street_music
5647,car_horn
5648,siren
5651,dog_bark
5656,street_music
5657,children_playing
5665,jackhammer
5666,jackhammer
5667,siren
5674,children_playing
5675,gun_shot
5677,drilling
5679,siren
5685,air_conditioner
5686,siren
5688,jackhammer
5693,jackhammer
5694,children_playing
5696,gun_shot
5700,siren
5703,siren
5708,dog_bark
5717,drilling
5718,jackhammer
5720,gun_shot
5727,street_music
5728,jackhammer
5729,car_horn
5737,drilling
5738,siren
5743,jackhammer
5747,engine_idling
5748,dog_bark
5749,children_playing
5752,jackhammer
5753,siren
5754,street_music
5756,children_playing
5759,siren
5766,siren
5775,children_playing
5776,car_horn
5777,car_horn
5779,siren
5781,siren
5782,drilling
5785,engine_idling
5787,siren
5789,air_conditioner
5792,air_conditioner
5793,jackhammer
5794,engine_idling
5795,street_music
5797,children_playing
5798,gun_shot
5801,jackhammer
5803,car_horn
5804,dog_bark
5805,children_playing
5807,siren
5809,dog_bark
5810,children_playing
5811,children_playing
5812,dog_bark
5814,children_playing
5819,siren
5821,drilling
5823,dog_bark
5828,dog_bark
5830,air_conditioner
5831,siren
5834,siren
5836,air_conditioner
5838,air_conditioner
5839,gun_shot
5843,siren
5845,siren
5846,air_conditioner
5849,dog_bark
5853,drilling
5855,jackhammer
5860,siren
5861,children_playing
5866,air_conditioner
5868,street_music
5872,gun_shot
5873,dog_bark
5875,children_playing
5878,drilling
5880,dog_bark
5883,gun_shot
5884,drilling
5885,drilling
5894,street_music
5895,siren
5896,siren
5898,siren
5899,siren
5905,car_horn
5910,siren
5911,street_music
5913,jackhammer
5916,jackhammer
5919,siren
5920,drilling
5923,siren
5924,gun_shot
5929,jackhammer
5930,engine_idling
5931,street_music
5935,drilling
5938,street_music
5939,siren
5945,children_playing
5946,siren
5955,air_conditioner
5956,street_music
5958,air_conditioner
5959,jackhammer
5961,street_music
5965,siren
5967,children_playing
5969,siren
5970,jackhammer
5971,air_conditioner
5972,street_music
5973,engine_idling
5974,drilling
5975,drilling
5978,street_music
5979,street_music
5981,engine_idling
5986,siren
5987,drilling
5991,siren
5993,siren
5998,siren
6000,jackhammer
6006,street_music
6008,car_horn
6011,dog_bark
6018,jackhammer
6024,car_horn
6028,children_playing
6032,dog_bark
6036,drilling
6037,children_playing
6038,dog_bark
6039,gun_shot
6042,children_playing
6043,jackhammer
6044,street_music
6045,drilling
6048,drilling
6052,dog_bark
6057,jackhammer
6058,siren
6060,car_horn
6062,siren
6064,drilling
6065,jackhammer
6067,dog_bark
6069,car_horn
6071,street_music
6073,air_conditioner
6075,siren
6076,children_playing
6078,siren
6084,jackhammer
6090,gun_shot
6093,dog_bark
6097,dog_bark
6102,siren
6105,drilling
6106,siren
6110,jackhammer
6111,car_horn
6112,engine_idling
6113,drilling
6114,siren
6122,dog_bark
6124,engine_idling
6125,street_music
6126,siren
6127,engine_idling
6128,siren
6135,drilling
6143,children_playing
6146,drilling
6147,gun_shot
6148,drilling
6150,dog_bark
6155,car_horn
6157,drilling
6164,children_playing
6166,siren
6167,gun_shot
6168,siren
6176,jackhammer
6178,drilling
6182,jackhammer
6184,street_music
6185,dog_bark
6186,car_horn
6190,siren
6192,dog_bark
6195,drilling
6199,siren
6200,street_music
6201,drilling
6202,children_playing
6203,children_playing
6207,siren
6208,engine_idling
6209,siren
6216,siren
6218,jackhammer
6221,children_playing
6223,siren
6225,jackhammer
6226,drilling
6228,dog_bark
6231,siren
6233,jackhammer
6236,air_conditioner
6237,street_music
6238,drilling
6240,siren
6242,air_conditioner
6246,dog_bark
6250,gun_shot
6251,jackhammer
6252,dog_bark
6253,siren
6254,gun_shot
6257,children_playing
6261,engine_idling
6264,siren
6267,dog_bark
6269,drilling
6273,drilling
6275,street_music
6276,drilling
6277,street_music
6280,air_conditioner
6281,street_music
6285,jackhammer
6289,drilling
6299,drilling
6301,street_music
6302,car_horn
6303,gun_shot
6306,dog_bark
6307,dog_bark
6312,jackhammer
6313,street_music
6315,drilling
6316,children_playing
6320,street_music
6325,siren
6330,car_horn
6334,car_horn
6342,siren
6344,street_music
6349,jackhammer
6350,engine_idling
6352,dog_bark
6353,drilling
6356,siren
6360,dog_bark
6361,air_conditioner
6362,siren
6363,street_music
6365,children_playing
6368,jackhammer
6369,dog_bark
6373,children_playing
6383,street_music
6384,air_conditioner
6385,car_horn
6386,air_conditioner
6388,jackhammer
6390,drilling
6391,drilling
6396,gun_shot
6397,siren
6398,dog_bark
6399,car_horn
6400,air_conditioner
6401,drilling
6405,drilling
6406,street_music
6407,gun_shot
6410,dog_bark
6415,children_playing
6419,dog_bark
6421,siren
6425,siren
6428,children_playing
6429,drilling
6430,dog_bark
6433,siren
6438,engine_idling
6439,air_conditioner
6444,air_conditioner
6447,drilling
6458,children_playing
6465,siren
6470,siren
6471,street_music
6472,dog_bark
6476,gun_shot
6479,siren
6481,air_conditioner
6482,children_playing
6485,siren
6488,drilling
6489,street_music
6491,air_conditioner
6492,jackhammer
6494,drilling
6495,air_conditioner
6499,car_horn
6501,jackhammer
6503,gun_shot
6504,children_playing
6513,jackhammer
6514,siren
6519,jackhammer
6525,drilling
6526,drilling
6532,drilling
6533,street_music
6538,car_horn
6539,dog_bark
6540,drilling
6541,dog_bark
6545,drilling
6554,engine_idling
6561,air_conditioner
6564,jackhammer
6567,jackhammer
6569,car_horn
6571,gun_shot
6576,gun_shot
6577,jackhammer
6578,engine_idling
6581,jackhammer
6582,air_conditioner
6584,drilling
6585,street_music
6586,engine_idling
6587,car_horn
6588,drilling
6590,street_music
6591,dog_bark
6593,children_playing
6594,car_horn
6597,drilling
6598,drilling
6601,jackhammer
6605,dog_bark
6611,jackhammer
6612,dog_bark
6613,car_horn
6615,air_conditioner
6617,car_horn
6622,siren
6624,gun_shot
6625,children_playing
6627,air_conditioner
6632,gun_shot
6636,children_playing
6639,jackhammer
6645,engine_idling
6646,siren
6650,dog_bark
6657,car_horn
6658,jackhammer
6663,dog_bark
6666,air_conditioner
6669,siren
6670,drilling
6672,children_playing
6673,engine_idling
6675,car_horn
6678,drilling
6680,gun_shot
6682,dog_bark
6684,drilling
6685,dog_bark
6686,siren
6687,siren
6688,jackhammer
6690,children_playing
6695,siren
6697,gun_shot
6699,jackhammer
6700,dog_bark
6701,jackhammer
6702,dog_bark
6704,dog_bark
6705,engine_idling
6706,engine_idling
6707,air_conditioner
6709,gun_shot
6711,dog_bark
6713,engine_idling
6718,siren
6720,siren
6727,air_conditioner
6733,children_playing
6743,air_conditioner
6744,siren
6745,drilling
6751,drilling
6756,children_playing
6758,street_music
6761,air_conditioner
6762,gun_shot
6766,street_music
6776,drilling
6780,drilling
6784,siren
6785,jackhammer
6787,street_music
6788,drilling
6789,siren
6794,air_conditioner
6795,dog_bark
6796,air_conditioner
6798,street_music
6799,gun_shot
6801,engine_idling
6803,air_conditioner
6805,siren
6806,car_horn
6807,street_music
6808,drilling
6809,drilling
6814,siren
6825,street_music
6827,street_music
6828,street_music
6833,gun_shot
6834,dog_bark
6838,children_playing
6842,jackhammer
6843,drilling
6845,children_playing
6848,car_horn
6849,dog_bark
6854,drilling
6858,dog_bark
6859,drilling
6861,siren
6862,siren
6863,air_conditioner
6867,siren
6868,children_playing
6870,gun_shot
6873,children_playing
6874,drilling
6876,gun_shot
6884,gun_shot
6885,children_playing
6887,dog_bark
6890,jackhammer
6894,air_conditioner
6897,dog_bark
6899,siren
6904,drilling
6905,children_playing
6913,jackhammer
6916,gun_shot
6917,engine_idling
6919,street_music
6921,drilling
6924,siren
6927,air_conditioner
6930,dog_bark
6936,street_music
6940,drilling
6941,drilling
6944,car_horn
6950,children_playing
6951,drilling
6952,siren
6953,street_music
6957,dog_bark
6959,drilling
6960,air_conditioner
6962,siren
6964,car_horn
6968,drilling
6972,street_music
6978,jackhammer
6980,car_horn
6983,engine_idling
6987,drilling
6988,siren
6989,dog_bark
6994,car_horn
6995,siren
6996,dog_bark
6997,dog_bark
7011,dog_bark
7021,drilling
7023,street_music
7024,children_playing
7033,siren
7034,drilling
7037,siren
7038,street_music
7043,jackhammer
7044,gun_shot
7045,engine_idling
7047,siren
7050,jackhammer
7056,air_conditioner
7058,street_music
7071,siren
7080,car_horn
7089,children_playing
7090,gun_shot
7092,siren
7093,dog_bark
7097,engine_idling
7098,air_conditioner
7099,siren
7101,dog_bark
7102,air_conditioner
7103,air_conditioner
7104,siren
7106,engine_idling
7117,gun_shot
7119,dog_bark
7120,children_playing
7122,air_conditioner
7123,dog_bark
7125,street_music
7127,siren
7128,dog_bark
7130,street_music
7132,air_conditioner
7134,jackhammer
7135,car_horn
7139,siren
7146,jackhammer
7147,siren
7152,dog_bark
7158,children_playing
7160,car_horn
7164,drilling
7165,air_conditioner
7166,drilling
7167,drilling
7168,siren
7173,drilling
7181,drilling
7182,car_horn
7183,drilling
7184,children_playing
7186,gun_shot
7188,drilling
7189,drilling
7192,engine_idling
7193,jackhammer
7199,jackhammer
7208,dog_bark
7209,children_playing
7210,gun_shot
7214,air_conditioner
7219,jackhammer
7220,drilling
7225,children_playing
7229,engine_idling
7230,dog_bark
7234,dog_bark
7236,siren
7237,siren
7238,siren
7239,siren
7243,gun_shot
7246,jackhammer
7248,drilling
7254,children_playing
7255,dog_bark
7261,gun_shot
7266,children_playing
7267,air_conditioner
7268,jackhammer
7270,air_conditioner
7271,gun_shot
7273,jackhammer
7276,siren
7281,drilling
7282,siren
7283,drilling
7286,street_music
7288,dog_bark
7289,street_music
7290,air_conditioner
7291,street_music
7293,car_horn
7295,air_conditioner
7296,drilling
7299,street_music
7300,air_conditioner
7301,engine_idling
7303,children_playing
7304,children_playing
7306,children_playing
7308,drilling
7310,drilling
7312,air_conditioner
7314,dog_bark
7317,drilling
7318,car_horn
7324,drilling
7325,children_playing
7327,dog_bark
7334,street_music
7335,air_conditioner
7339,gun_shot
7341,jackhammer
7342,siren
7348,street_music
7350,dog_bark
7351,car_horn
7353,engine_idling
7355,gun_shot
7356,street_music
7357,gun_shot
7363,drilling
7365,siren
7368,drilling
7371,drilling
7373,dog_bark
7390,dog_bark
7391,gun_shot
7393,air_conditioner
7394,children_playing
7395,siren
7396,siren
7397,drilling
7402,drilling
7406,street_music
7407,street_music
7411,dog_bark
7413,siren
7415,drilling
7416,drilling
7420,dog_bark
7421,street_music
7422,children_playing
7427,dog_bark
7428,children_playing
7433,children_playing
7434,children_playing
7435,dog_bark
7438,siren
7440,siren
7441,drilling
7442,car_horn
7444,drilling
7445,dog_bark
7453,street_music
7454,jackhammer
7461,air_conditioner
7464,engine_idling
7466,drilling
7470,drilling
7473,dog_bark
7474,children_playing
7477,siren
7480,jackhammer
7481,jackhammer
7484,street_music
7485,siren
7486,siren
7487,street_music
7489,air_conditioner
7491,street_music
7492,car_horn
7496,dog_bark
7498,air_conditioner
7502,siren
7511,car_horn
7512,drilling
7514,siren
7515,air_conditioner
7517,dog_bark
7526,children_playing
7527,air_conditioner
7533,children_playing
7534,engine_idling
7535,gun_shot
7536,air_conditioner
7537,siren
7540,jackhammer
7544,dog_bark
7545,siren
7546,dog_bark
7549,dog_bark
7551,drilling
7554,street_music
7555,siren
7557,children_playing
7559,jackhammer
7562,siren
7564,children_playing
7571,drilling
7572,street_music
7575,air_conditioner
7583,gun_shot
7587,air_conditioner
7588,car_horn
7590,drilling
7591,dog_bark
7594,children_playing
7603,drilling
7605,street_music
7606,dog_bark
7608,air_conditioner
7615,jackhammer
7616,car_horn
7621,car_horn
7624,drilling
7627,siren
7628,street_music
7630,drilling
7632,dog_bark
7635,air_conditioner
7637,jackhammer
7640,engine_idling
7643,drilling
7647,drilling
7649,drilling
7652,engine_idling
7654,engine_idling
7658,engine_idling
7659,dog_bark
7660,children_playing
7661,siren
7662,drilling
7663,dog_bark
7666,dog_bark
7667,street_music
7668,street_music
7670,siren
7676,siren
7678,dog_bark
7684,siren
7691,engine_idling
7692,car_horn
7693,air_conditioner
7695,siren
7698,drilling
7701,dog_bark
7703,jackhammer
7704,gun_shot
7708,children_playing
7709,gun_shot
7714,drilling
7716,dog_bark
7717,air_conditioner
7719,dog_bark
7722,dog_bark
7728,street_music
7731,car_horn
7732,gun_shot
7737,street_music
7741,drilling
7746,jackhammer
7749,jackhammer
7752,siren
7753,dog_bark
7755,drilling
7757,children_playing
7758,drilling
7760,siren
7763,jackhammer
7764,car_horn
7767,drilling
7771,drilling
7772,siren
7773,siren
7774,air_conditioner
7778,siren
7781,drilling
7782,siren
7786,air_conditioner
7789,children_playing
7790,jackhammer
7793,engine_idling
7794,air_conditioner
7797,street_music
7798,siren
7799,street_music
7801,drilling
7803,drilling
7805,children_playing
7808,street_music
7809,drilling
7811,children_playing
7812,dog_bark
7815,drilling
7816,siren
7820,siren
7823,dog_bark
7832,street_music
7834,drilling
7840,dog_bark
7841,air_conditioner
7847,engine_idling
7848,siren
7849,street_music
7851,engine_idling
7852,drilling
7857,children_playing
7859,dog_bark
7863,siren
7864,siren
7866,car_horn
7877,street_music
7878,engine_idling
7884,gun_shot
7885,jackhammer
7886,dog_bark
7887,drilling
7888,air_conditioner
7889,air_conditioner
7894,jackhammer
7895,air_conditioner
7902,siren
7903,street_music
7905,street_music
7906,siren
7907,gun_shot
7912,street_music
7913,children_playing
7915,children_playing
7921,drilling
7923,street_music
7924,air_conditioner
7925,siren
7926,children_playing
7934,street_music
7937,gun_shot
7940,gun_shot
7945,siren
7947,street_music
7948,street_music
7950,car_horn
7953,dog_bark
7957,drilling
7958,street_music
7960,siren
7962,drilling
7967,engine_idling
7968,siren
7971,drilling
7972,street_music
7973,dog_bark
7974,car_horn
7983,air_conditioner
7984,jackhammer
7986,drilling
7987,children_playing
7991,street_music
8001,air_conditioner
8003,air_conditioner
8005,jackhammer
8006,street_music
8007,children_playing
8010,drilling
8011,drilling
8015,siren
8017,jackhammer
8018,siren
8019,street_music
8023,dog_bark
8026,jackhammer
8030,siren
8031,drilling
8038,children_playing
8039,drilling
8040,drilling
8041,siren
8044,siren
8045,jackhammer
8051,jackhammer
8054,street_music
8056,dog_bark
8059,jackhammer
8063,drilling
8065,jackhammer
8066,engine_idling
8070,street_music
8082,street_music
8083,gun_shot
8087,car_horn
8089,air_conditioner
8091,air_conditioner
8094,dog_bark
8096,street_music
8098,drilling
8102,street_music
8107,dog_bark
8109,children_playing
8112,air_conditioner
8113,street_music
8115,jackhammer
8116,jackhammer
8117,siren
8120,dog_bark
8121,siren
8123,air_conditioner
8124,street_music
8126,jackhammer
8129,car_horn
8132,jackhammer
8134,engine_idling
8136,children_playing
8138,gun_shot
8139,jackhammer
8141,street_music
8147,dog_bark
8149,siren
8153,dog_bark
8157,dog_bark
8158,car_horn
8159,drilling
8160,air_conditioner
8162,drilling
8163,siren
8164,drilling
8165,drilling
8169,air_conditioner
8170,jackhammer
8175,engine_idling
8178,dog_bark
8179,children_playing
8186,children_playing
8196,siren
8197,siren
8198,street_music
8203,air_conditioner
8204,street_music
8206,drilling
8207,children_playing
8209,jackhammer
8212,siren
8214,air_conditioner
8218,dog_bark
8222,drilling
8223,car_horn
8224,children_playing
8225,air_conditioner
8226,drilling
8230,drilling
8235,children_playing
8237,jackhammer
8240,siren
8242,drilling
8245,jackhammer
8248,drilling
8250,drilling
8254,children_playing
8255,dog_bark
8256,drilling
8267,drilling
8269,engine_idling
8273,children_playing
8275,drilling
8276,dog_bark
8278,air_conditioner
8281,drilling
8284,drilling
8286,siren
8288,children_playing
8290,drilling
8291,dog_bark
8292,jackhammer
8295,car_horn
8298,jackhammer
8301,jackhammer
8303,jackhammer
8304,siren
8309,air_conditioner
8312,jackhammer
8316,street_music
8319,dog_bark
8320,air_conditioner
8321,street_music
8326,dog_bark
8328,engine_idling
8329,dog_bark
8331,dog_bark
8336,gun_shot
8339,drilling
8340,jackhammer
8341,dog_bark
8342,children_playing
8343,air_conditioner
8348,dog_bark
8349,dog_bark
8350,dog_bark
8355,jackhammer
8358,street_music
8359,street_music
8362,drilling
8363,dog_bark
8367,air_conditioner
8371,street_music
8372,children_playing
8373,siren
8374,car_horn
8375,dog_bark
8376,siren
8379,drilling
8383,dog_bark
8385,air_conditioner
8388,dog_bark
8389,dog_bark
8390,dog_bark
8394,dog_bark
8398,dog_bark
8400,street_music
8402,air_conditioner
8404,engine_idling
8405,air_conditioner
8408,jackhammer
8413,drilling
8414,drilling
8415,dog_bark
8418,drilling
8423,jackhammer
8426,dog_bark
8433,siren
8436,street_music
8439,jackhammer
8451,gun_shot
8452,dog_bark
8454,siren
8455,children_playing
8456,drilling
8461,air_conditioner
8463,dog_bark
8468,street_music
8478,dog_bark
8480,engine_idling
8481,children_playing
8487,street_music
8488,siren
8489,children_playing
8490,air_conditioner
8494,dog_bark
8495,street_music
8497,jackhammer
8504,dog_bark
8505,street_music
8506,street_music
8509,siren
8516,drilling
8517,street_music
8521,siren
8525,children_playing
8528,dog_bark
8529,dog_bark
8530,gun_shot
8532,street_music
8533,air_conditioner
8537,jackhammer
8541,drilling
8545,engine_idling
8548,siren
8549,car_horn
8550,jackhammer
8551,siren
8554,drilling
8555,street_music
8556,air_conditioner
8557,siren
8559,drilling
8561,jackhammer
8563,dog_bark
8566,siren
8567,air_conditioner
8572,siren
8573,air_conditioner
8574,air_conditioner
8576,dog_bark
8577,jackhammer
8583,air_conditioner
8585,street_music
8591,drilling
8592,siren
8593,children_playing
8600,dog_bark
8601,dog_bark
8602,dog_bark
8606,drilling
8608,children_playing
8619,dog_bark
8622,siren
8623,street_music
8629,jackhammer
8631,gun_shot
8633,jackhammer
8634,children_playing
8638,siren
8642,drilling
8645,street_music
8647,drilling
8648,car_horn
8652,siren
8655,drilling
8661,jackhammer
8662,dog_bark
8668,jackhammer
8669,siren
8671,drilling
8672,engine_idling
8674,dog_bark
8680,jackhammer
8683,jackhammer
8686,jackhammer
8687,street_music
8688,engine_idling
8689,children_playing
8692,dog_bark
8696,engine_idling
8697,siren
8698,siren
8700,street_music
8702,jackhammer
8708,drilling
8718,gun_shot
8719,jackhammer
8730,drilling
8731,siren
